state_abbr,name,district,unique_key,year,logrecno,summary_level,county,total_population,white_population,black_population,american_indian_population,asian_population,native_hawaiian_population,other_race_population,two_or_more_races_population,total_adult_pop,region,metro_status,district_1,total_population_2000,total_population_2010,total_population_2020,2000-2010_Growth_Rate,2010-2020_Growth_Rate
AK,Congressional District (at Large),0.0,2000-AK-2,2000,2,500,,626932,434534,21787,98043,25116,3309,9997,34146,436215,West,,0,626932,710231,733391,13.2867679429348,3.2609108867396666
AL,Congressional District 1,1.0,2000-AL-2,2000,2,500,,646181,439439,184842,6234,6376,156,2593,6541,473589,South,,1,646181,687841,726276,6.447110020257482,5.587773918681789
AL,Congressional District 2,2.0,2000-AL-3,2000,3,500,,650321,450643,181983,2872,4361,258,3298,6906,484902,South,,2,650321,673877,693466,3.6222111849378997,2.906910311525694
AL,Congressional District 3,3.0,2000-AL-4,2000,4,500,,643525,466996,162845,1840,3373,193,3039,5239,485760,South,,3,643525,681298,735132,5.869702031778097,7.901681789760135
AL,Congressional District 4,4.0,2000-AL-5,2000,5,500,,643275,580621,40552,4228,1365,213,9271,7025,487312,South,,4,643275,660162,702982,2.6251603124635654,6.4862866993253165
AL,Congressional District 5,5.0,2000-AL-6,2000,6,500,,654886,523196,106237,4689,6431,290,4499,9544,492008,South,,5,654886,718724,761102,9.747956132823116,5.896282856840735
AL,Congressional District 6,6.0,2000-AL-7,2000,7,500,,664795,545995,98754,1709,8128,198,4490,5521,506474,South,,6,664795,754482,740710,13.490925774110815,-1.8253583253145866
AL,Congressional District 7,7.0,2000-AL-8,2000,8,500,,544117,155918,380717,858,1312,101,1808,3403,393633,South,,7,544117,603352,664611,10.886445378475585,10.15311128495472
AR,Congressional District 1,1.0,2000-AR-2,2000,2,500,,629974,503826,111801,2391,2117,128,3285,6426,465654,South,,1,629974,687694,716388,9.162282887865214,4.172495324955576
AR,Congressional District 2,2.0,2000-AR-3,2000,3,500,,666058,510454,129918,3006,6070,242,7599,8769,498497,South,,2,666058,751377,769391,12.80954511468971,2.3974649210715793
AR,Congressional District 3,3.0,2000-AR-4,2000,4,500,,764853,694857,14015,9645,9796,1136,21293,14111,570416,South,,3,764853,822564,839147,7.545371463536131,2.0160133436425616
AR,Congressional District 4,4.0,2000-AR-5,2000,5,500,,612515,429461,163216,2766,2237,162,8235,6438,458464,South,,4,612515,654283,686598,6.819098307796543,4.9389942884042535
AZ,Congressional District 1,1.0,2000-AZ-2,2000,2,500,,829492,636059,32135,16769,25597,1569,91282,26081,615559,West,,1,829492,774310,760850,-6.652505388840399,-1.738321860753445
AZ,Congressional District 2,2.0,2000-AZ-3,2000,3,500,,773824,431950,39457,34130,7456,949,231161,28721,524152,West,,2,773824,972839,744478,25.718380406914232,-23.473668304827417
AZ,Congressional District 3,3.0,2000-AZ-4,2000,4,500,,997565,824080,25285,25836,13381,1020,82954,25009,745754,West,,3,997565,707919,777554,-29.035300957832323,9.836577348538462
AZ,Congressional District 4,4.0,2000-AZ-5,2000,5,500,,735344,599716,22803,13085,17686,965,59979,21110,549822,West,,4,735344,698314,804323,-5.035738375508606,15.18070667350218
AZ,Congressional District 5,5.0,2000-AZ-6,2000,6,500,,793256,651053,24233,9915,16526,1137,66324,24068,609106,West,,5,793256,656833,881025,-17.19785289994655,34.132268019420465
AZ,Congressional District 6,6.0,2000-AZ-7,2000,7,500,,1001151,730753,14960,156144,11590,1093,65074,21537,719292,West,,6,1001151,971733,785858,-2.938417881018947,-19.128196737169574
CA,Congressional District 1,1.0,2000-CA-2,2000,2,500,,644525,493670,29579,18169,23239,2196,48005,29667,481501,West,,1,644525,704012,701955,9.229587680850239,-0.2921825196161429
CA,Congressional District 10,10.0,2000-CA-11,2000,11,500,,713341,550714,26546,3762,66014,1835,33121,31349,524388,West,,10,713341,714750,767919,0.1975212415941324,7.438824763903462
CA,Congressional District 11,11.0,2000-CA-12,2000,12,500,,684178,413201,45326,7456,74985,2404,99461,41345,474553,West,,11,684178,796753,767877,16.45405143106034,-3.6242097613689563
CA,Congressional District 12,12.0,2000-CA-13,2000,13,500,,615370,325829,16916,2283,190408,5848,42002,32084,489853,West,,12,615370,651322,771010,5.842338755545444,18.376164170717402
CA,Congressional District 13,13.0,2000-CA-14,2000,14,500,,678177,301517,49859,4404,204371,6223,69579,42224,502576,West,,13,678177,665318,780382,-1.8961126667521901,17.29458694939863
CA,Congressional District 14,14.0,2000-CA-15,2000,15,500,,615917,399586,19609,2433,116321,4656,49960,23352,478160,West,,14,615917,653935,746621,6.172584942451661,14.173579942960693
CA,Congressional District 15,15.0,2000-CA-16,2000,16,500,,612416,425446,13140,3274,107748,1687,32898,28223,468919,West,,15,612416,677605,796711,10.644561866443725,17.57749721445385
CA,Congressional District 16,16.0,2000-CA-17,2000,17,500,,689817,284724,24893,6854,185327,2935,149706,35378,498832,West,,16,689817,676880,751432,-1.8754249315398142,11.014064531379269
CA,Congressional District 17,17.0,2000-CA-18,2000,18,500,,653209,399832,17737,6913,32725,2166,162061,31775,474693,West,,17,653209,664240,783151,1.6887397448596086,17.901812597856196
CA,Congressional District 18,18.0,2000-CA-19,2000,19,500,,683642,444450,21038,8447,33430,1975,137129,37173,464495,West,,18,683642,723607,749621,5.845895951389762,3.5950453768412967
CA,Congressional District 19,19.0,2000-CA-20,2000,20,500,,709622,451696,31858,12476,50880,1012,127458,34242,495974,West,,19,709622,757337,747877,6.724002356183996,-1.2491136706644468
CA,Congressional District 2,2.0,2000-CA-3,2000,3,500,,633808,547215,10010,15087,15713,925,21687,23171,476300,West,,2,633808,708596,718939,11.799787948400779,1.4596469638552858
CA,Congressional District 20,20.0,2000-CA-21,2000,21,500,,711574,305708,41860,11348,33122,780,286644,32112,467474,West,,20,711574,744350,744847,4.606126699401608,0.06676966480822194
CA,Congressional District 21,21.0,2000-CA-22,2000,22,500,,666684,454059,30093,10562,20209,1063,122184,28514,458797,West,,21,666684,784176,712137,17.62334179311338,-9.186585664442676
CA,Congressional District 22,22.0,2000-CA-23,2000,23,500,,631659,488546,14112,6984,22546,961,73425,25085,482472,West,,22,631659,797084,787793,26.18897221443849,-1.1656236983805972
CA,Congressional District 23,23.0,2000-CA-24,2000,24,500,,642427,429936,13500,6576,33797,1553,130326,26739,457564,West,,23,642427,695404,776733,8.246384414104638,11.695216018314532
CA,Congressional District 24,24.0,2000-CA-25,2000,25,500,,629832,475467,18202,3046,49149,795,55774,27399,478404,West,,24,629832,681622,740273,8.222827674681502,8.60462250338164
CA,Congressional District 25,25.0,2000-CA-26,2000,26,500,,699526,471217,55148,5326,53397,1151,81102,32185,489348,West,,25,699526,844320,753744,20.698873237020496,-10.727686185332576
CA,Congressional District 26,26.0,2000-CA-27,2000,27,500,,660224,306142,33473,6425,43256,950,232030,37948,452499,West,,26,660224,691452,721287,4.729909848778596,4.31483313375332
CA,Congressional District 27,27.0,2000-CA-28,2000,28,500,,600986,375640,39470,3044,79560,597,61394,41281,459520,West,,27,600986,684496,708732,13.895498397633222,3.5407073233444755
CA,Congressional District 28,28.0,2000-CA-29,2000,29,500,,609233,346565,29276,4304,117918,918,83386,26866,446716,West,,28,609233,660194,712964,8.364779977447052,7.993105056998398
CA,Congressional District 29,29.0,2000-CA-30,2000,30,500,,584823,447102,19588,1982,57577,573,31377,26624,503514,West,,29,584823,642138,711122,9.80040114701371,10.74286212620963
CA,Congressional District 3,3.0,2000-CA-4,2000,4,500,,675618,494541,25519,8941,43185,2178,66780,34474,487453,West,,3,675618,783317,762214,15.940812707772736,-2.6940561739372435
CA,Congressional District 30,30.0,2000-CA-31,2000,31,500,,582745,202416,17518,6077,114294,666,209572,32202,418700,West,,30,582745,662319,747695,13.655029215179882,12.890465168597007
CA,Congressional District 31,31.0,2000-CA-32,2000,32,500,,600376,209329,7569,6755,169467,615,181449,25192,424002,West,,31,600376,611336,756466,1.8255226724585925,23.739809204758103
CA,Congressional District 32,32.0,2000-CA-33,2000,33,500,,586031,186534,193019,4122,45477,902,126417,29560,434580,West,,32,586031,642236,705027,9.590789565739696,9.776935581312788
CA,Congressional District 33,33.0,2000-CA-34,2000,34,500,,600695,225821,23642,7220,26979,626,287242,29165,402348,West,,33,600695,637122,724041,6.0641423684232425,13.642442106849236
CA,Congressional District 34,34.0,2000-CA-35,2000,35,500,,617343,289324,11887,7641,55070,1184,221993,30244,426184,West,,34,617343,654303,703417,5.98694728862237,7.5063082394548095
CA,Congressional District 35,35.0,2000-CA-36,2000,36,500,,607944,139274,210243,4777,26074,2470,198046,27060,397996,West,,35,607944,662413,739576,8.959542326266893,11.64877500894457
CA,Congressional District 36,36.0,2000-CA-37,2000,37,500,,591448,399125,23256,3086,90314,2236,45742,27689,462970,West,,36,591448,659385,764753,11.486555031042458,15.979738695906034
CA,Congressional District 37,37.0,2000-CA-38,2000,38,500,,616103,151364,159427,5250,50871,8047,212866,28278,393231,West,,37,616103,648847,722177,5.314695757040624,11.3015857359285
CA,Congressional District 38,38.0,2000-CA-39,2000,39,500,,634392,330527,68131,5420,56643,4344,136657,32670,454592,West,,38,634392,641410,706443,1.1062560688028853,10.139068614458772
CA,Congressional District 39,39.0,2000-CA-40,2000,40,500,,622921,369558,19097,4407,114916,1932,86190,26821,454549,West,,39,622921,643115,732569,3.241823602029792,13.909487416713961
CA,Congressional District 4,4.0,2000-CA-5,2000,5,500,,725180,636119,11411,8059,19597,1164,25210,23620,543403,West,,4,725180,774261,768333,6.7681127444220754,-0.7656332941992429
CA,Congressional District 40,40.0,2000-CA-41,2000,41,500,,674431,484981,44227,10483,23614,1969,76640,32517,474902,West,,40,674431,665653,690211,-1.3015415958044634,3.6893095952395614
CA,Congressional District 41,41.0,2000-CA-42,2000,42,500,,666225,351820,39211,5526,97983,1256,140130,30299,460616,West,,41,666225,797133,753238,19.649217606664415,-5.506609311118722
CA,Congressional District 42,42.0,2000-CA-43,2000,43,500,,700491,341507,86895,8083,26265,2448,197973,37320,453357,West,,42,700491,667638,811655,-4.689996017079449,21.571120876882382
CA,Congressional District 43,43.0,2000-CA-44,2000,44,500,,736634,476486,45738,7676,33919,2220,135271,35324,503257,West,,43,736634,735581,727533,-0.14294751531968386,-1.0941011255048732
CA,Congressional District 44,44.0,2000-CA-45,2000,45,500,,742718,485071,48346,9542,19750,1478,149068,29463,530178,West,,44,742718,844756,710358,13.738457934236143,-15.909682795978958
CA,Congressional District 45,45.0,2000-CA-46,2000,46,500,,619092,422301,8440,3985,95340,2824,61242,24960,474036,West,,45,619092,914209,813995,47.669328629670545,-10.96182601571413
CA,Congressional District 46,46.0,2000-CA-47,2000,47,500,,663548,291530,12224,7173,100646,2837,218153,30985,447842,West,,46,663548,648663,702796,-2.2432438949405316,8.345319526472144
CA,Congressional District 47,47.0,2000-CA-48,2000,48,500,,715625,512202,11503,3530,97594,1418,60931,28447,538909,West,,47,715625,631422,714671,-11.76635807860262,13.18436798211022
CA,Congressional District 48,48.0,2000-CA-49,2000,49,500,,773292,587966,25166,8407,36897,3696,79677,31483,557413,West,,48,773292,727833,720333,-5.878633168324514,-1.030456162333942
CA,Congressional District 49,49.0,2000-CA-50,2000,50,500,,586882,434794,30251,4043,47725,2349,41783,25937,487327,West,,49,586882,797428,750049,35.875354841348006,-5.941476848066534
CA,Congressional District 5,5.0,2000-CA-6,2000,6,500,,669412,352178,91144,7984,103699,5295,65886,43226,481644,West,,5,669412,700443,727926,4.635560760787079,3.9236597410495926
CA,Congressional District 50,50.0,2000-CA-51,2000,51,500,,641790,264463,72924,4951,91573,4366,167108,36405,440142,West,,50,641790,753135,757110,17.34913289393727,0.5277938218247725
CA,Congressional District 51,51.0,2000-CA-52,2000,52,500,,713746,527747,15068,4187,79526,1839,56911,28468,526117,West,,51,713746,757891,710592,6.184973365875256,-6.240871048739199
CA,Congressional District 52,52.0,2000-CA-53,2000,53,500,,640630,459731,29818,7979,19316,2135,92520,29131,463452,West,,52,640630,673893,762971,5.192232645989105,13.218418947815158
CA,Congressional District 6,6.0,2000-CA-7,2000,7,500,,644600,532349,13304,5536,24318,1266,42703,25124,498703,West,,6,644600,664468,787948,3.082221532733478,18.5832876827778
CA,Congressional District 7,7.0,2000-CA-8,2000,8,500,,636367,321074,105259,4599,95934,3909,67023,38569,465113,West,,7,636367,655708,786155,3.0392839352134855,19.89406870131217
CA,Congressional District 8,8.0,2000-CA-9,2000,9,500,,617094,305251,56074,3097,174999,3554,47147,26972,529244,West,,8,617094,666827,756547,8.05922598502011,13.45476412922692
CA,Congressional District 9,9.0,2000-CA-10,2000,10,500,,597285,246414,156338,3655,103836,2535,53202,31305,463007,West,,9,597285,648766,804018,8.61916840369338,23.930353933467536
CO,Congressional District 1,1.0,2000-CO-2,2000,2,500,,662711,427851,74669,8739,18472,894,106138,25948,508852,West,,1,662711,662039,840731,-0.10140166678989784,26.99115913110859
CO,Congressional District 2,2.0,2000-CO-3,2000,3,500,,702336,611535,6763,5340,22837,541,37830,17490,526270,West,,2,702336,733805,829123,4.4806189630034625,12.989554445663357
CO,Congressional District 3,3.0,2000-CO-4,2000,4,500,,723533,632266,5370,12225,3847,487,52408,16930,546242,West,,3,723533,706186,758257,-2.3975409552846934,7.37355314322289
CO,Congressional District 4,4.0,2000-CO-5,2000,5,500,,748228,642615,8125,6530,10299,643,61447,18569,546004,West,,4,748228,725041,870537,-3.098921719048205,20.06727895387985
CO,Congressional District 5,5.0,2000-CO-6,2000,6,500,,810423,690093,38973,6430,20071,1417,27983,25456,582770,West,,5,810423,725902,832377,-10.429244974537987,14.66795793371557
CO,Congressional District 6,6.0,2000-CO-7,2000,7,500,,654030,555645,31163,4977,19687,639,24125,17794,490328,West,,6,654030,797813,835594,21.984159748023792,4.7355708668572705
CT,Congressional District 1,1.0,2000-CT-2,2000,2,500,,552127,392625,85975,1363,14964,286,42706,14208,415179,Northeast,,1,552127,710951,717654,28.765845539160374,0.9428216571887514
CT,Congressional District 2,2.0,2000-CT-3,2000,3,500,,568007,506226,24085,3382,10550,271,11320,12173,432421,Northeast,,2,568007,729771,699901,28.47922648840595,-4.093064810742
CT,Congressional District 3,3.0,2000-CT-4,2000,4,500,,561576,442601,72023,1148,15053,194,19439,11118,428169,Northeast,,3,561576,712339,715360,26.846410815277004,0.4240958307772002
CT,Congressional District 4,4.0,2000-CT-5,2000,5,500,,574101,425898,76668,1245,20053,283,33627,16327,427567,Northeast,,4,574101,706740,746816,23.103774422967387,5.670543622831593
CT,Congressional District 5,5.0,2000-CT-6,2000,6,500,,581903,496192,33031,1420,12901,179,25688,12492,430280,Northeast,,5,581903,714296,726213,22.751730099346453,1.66835597567395
CT,Congressional District 6,6.0,2000-CT-7,2000,7,500,,567851,516813,18061,1081,8792,153,14421,8530,430261,Northeast,,6,567851,,,,
DC,Delegate District (at Large),98.0,2000-DC-2,2000,2,500,,572059,176101,343312,1713,15189,348,21950,13446,457067,South,,98,572059,601723,689545,5.185479120160682,14.595087772945359
DE,Congressional District (at Large),0.0,2000-DE-2,2000,2,500,,783600,584773,150666,2731,16259,283,15855,13033,589013,South,,0,783600,897934,989948,14.59086268504339,10.247301026578791
FL,Congressional District 1,1.0,2000-FL-2,2000,2,500,,683987,554269,88393,5920,12984,716,6209,15496,519356,South,,1,683987,694158,807881,1.4870165661043264,16.382869606055106
FL,Congressional District 10,10.0,2000-FL-11,2000,11,500,,583809,486025,65781,1860,13584,321,6048,10190,471761,South,,10,583809,633889,873804,8.57814799018172,37.84810905379333
FL,Congressional District 11,11.0,2000-FL-12,2000,12,500,,628167,435263,128383,2639,13828,521,29024,18509,472112,South,,11,628167,673799,820835,7.2643102869141485,21.82193799634609
FL,Congressional District 12,12.0,2000-FL-13,2000,13,500,,671347,530824,84326,3000,6411,291,34970,11525,500157,South,,12,671347,842199,807137,25.449134352279817,-4.163149089466979
FL,Congressional District 13,13.0,2000-FL-14,2000,14,500,,677666,606842,38702,1744,5573,287,16261,8257,553962,South,,13,677666,757805,727465,11.825737162555006,-4.0036684899149515
FL,Congressional District 14,14.0,2000-FL-15,2000,15,500,,790852,695790,43753,2171,5739,387,29641,13371,640897,South,,14,790852,858956,787447,8.611472184428944,-8.325106291824028
FL,Congressional District 15,15.0,2000-FL-16,2000,16,500,,718294,621405,57078,2647,9668,417,13987,13092,559381,South,,15,718294,813570,819853,13.264206578364849,0.7722752805536094
FL,Congressional District 16,16.0,2000-FL-17,2000,17,500,,758365,653523,54552,2587,9188,396,24536,13583,594286,South,,16,758365,797711,884047,5.188266863581521,10.822967214943757
FL,Congressional District 17,17.0,2000-FL-18,2000,18,500,,577167,169205,348096,1471,6409,273,23788,27925,399575,South,,17,577167,655160,779955,13.513073339258828,19.048018804566823
FL,Congressional District 18,18.0,2000-FL-19,2000,19,500,,597947,510698,30390,1149,7503,173,28236,19798,474317,South,,18,597947,712790,794724,19.20621727343728,11.494830174385163
FL,Congressional District 19,19.0,2000-FL-20,2000,20,500,,800902,680041,61361,1320,18194,370,21510,18106,638001,South,,19,800902,736419,835012,-8.05129716244934,13.388166247747545
FL,Congressional District 2,2.0,2000-FL-3,2000,3,500,,678025,479342,170670,3565,7746,302,6232,10168,521240,South,,2,678025,737519,727856,8.774602706389881,-1.3102035337394697
FL,Congressional District 20,20.0,2000-FL-21,2000,21,500,,783412,628501,84481,2214,21053,443,24488,22232,588846,South,,20,783412,691727,776283,-11.703292775704227,12.223897578090778
FL,Congressional District 21,21.0,2000-FL-22,2000,22,500,,789742,667359,37620,1168,12431,229,42186,28749,591948,South,,21,789742,693501,788007,-12.18638492064497,13.627377610126013
FL,Congressional District 22,22.0,2000-FL-23,2000,23,500,,630775,544234,41954,1378,9065,352,17013,16779,533728,South,,22,630775,694259,785756,10.06444453251952,13.179087343484206
FL,Congressional District 23,23.0,2000-FL-24,2000,24,500,,618766,214516,342343,1874,5824,481,24765,28963,438628,South,,23,618766,684107,769356,10.559888552376826,12.461354729596394
FL,Congressional District 3,3.0,2000-FL-4,2000,4,500,,586694,260545,291377,1888,7633,289,12422,12540,421251,South,,3,586694,659055,766133,12.333686725959359,16.247202433787773
FL,Congressional District 4,4.0,2000-FL-5,2000,5,500,,734246,627438,66016,2395,17944,384,7697,12372,565149,South,,4,734246,744418,871884,1.3853667571903694,17.122906754001114
FL,Congressional District 5,5.0,2000-FL-6,2000,6,500,,689672,599649,59576,2205,11166,196,6756,10124,555944,South,,5,689672,929533,748910,34.77899639248802,-19.4315855381143
FL,Congressional District 6,6.0,2000-FL-7,2000,7,500,,755939,635946,84274,3225,8558,366,12098,11472,583501,South,,6,755939,812727,796254,7.512246358502472,-2.0268798747919043
FL,Congressional District 7,7.0,2000-FL-8,2000,8,500,,722139,613843,56959,2241,13610,317,20400,14769,552782,South,,7,722139,812442,788518,12.504933260771125,-2.944702514148702
FL,Congressional District 8,8.0,2000-FL-9,2000,9,500,,782397,597404,69108,2802,28411,792,57146,26734,594455,South,,8,782397,805608,783753,2.966652479495704,-2.7128578663568383
FL,Congressional District 9,9.0,2000-FL-10,2000,10,500,,722068,652367,30312,2078,13734,322,11694,11561,564761,South,,9,722068,753549,955602,4.359838685553162,26.81351843078552
GA,Congressional District 1,1.0,2000-GA-2,2000,2,500,,692199,445954,215285,1953,7310,612,11874,9211,506084,South,,1,692199,722068,755781,4.315088580018174,4.668950846734657
GA,Congressional District 10,10.0,2000-GA-11,2000,11,500,,662201,385291,254808,1609,7581,409,5017,7486,484920,South,,10,662201,738248,775012,11.483975409279056,4.979898353940681
GA,Congressional District 11,11.0,2000-GA-12,2000,12,500,,836416,659864,121960,1865,23913,287,16986,11541,612892,South,,11,836416,794969,802515,-4.955309319764328,0.9492194035239109
GA,Congressional District 2,2.0,2000-GA-3,2000,3,500,,650392,363797,263280,1935,3782,292,11384,5922,471439,South,,2,650392,631973,673028,-2.831984403252193,6.496321836534155
GA,Congressional District 3,3.0,2000-GA-4,2000,4,500,,781694,498636,239571,2311,15684,511,13526,11455,560120,South,,3,781694,817247,763075,4.548199167449155,-6.628595761134639
GA,Congressional District 4,4.0,2000-GA-5,2000,5,500,,744717,280677,368890,2064,39454,416,35721,17495,559363,South,,4,744717,665541,773761,-10.631689621695221,16.260455779583825
GA,Congressional District 5,5.0,2000-GA-6,2000,6,500,,646184,201078,406144,1279,13501,297,14939,8946,490802,South,,5,646184,630462,788126,-2.433053124187538,25.007692771332767
GA,Congressional District 6,6.0,2000-GA-7,2000,7,500,,943373,750613,102641,2173,44531,332,26249,16834,690497,South,,6,943373,767798,765793,-18.611408212870202,-0.2611363926449405
GA,Congressional District 7,7.0,2000-GA-8,2000,8,500,,752161,577875,136669,2101,6685,318,18650,9863,549445,South,,7,752161,903191,859440,20.079477665021187,-4.844047383111656
GA,Congressional District 8,8.0,2000-GA-9,2000,9,500,,662811,426898,214232,1640,4807,225,8931,6078,486073,South,,8,662811,715599,719919,7.964261305258965,0.6036900554640239
GA,Congressional District 9,9.0,2000-GA-10,2000,10,500,,814305,736598,26062,2807,5922,547,33012,9357,605584,South,,9,814305,823583,775367,1.1393765235384776,-5.854419044589313
HI,Congressional District 1,1.0,2000-HI-2,2000,2,500,,568524,111040,11696,1172,304157,38500,5813,96146,446344,West,,1,568524,658672,729831,15.8564985822938,10.803404425875094
HI,Congressional District 2,2.0,2000-HI-3,2000,3,500,,643013,183062,10307,2363,199711,75039,9334,163197,469426,West,,2,643013,701629,725440,9.115834361047133,3.3936738646777718
IA,Congressional District 1,1.0,2000-IA-2,2000,2,500,,603837,555361,19497,1599,10465,195,7948,8772,454166,Midwest,,1,603837,596443,780180,-1.224502638957202,30.80545835897144
IA,Congressional District 2,2.0,2000-IA-3,2000,3,500,,568857,543520,12037,1862,3006,218,3381,4833,426554,Midwest,,2,568857,620856,785353,9.140961612496639,26.49519373252413
IA,Congressional District 3,3.0,2000-IA-4,2000,4,500,,573674,547876,6538,1294,7182,210,5432,5142,436119,Midwest,,3,573674,642116,858974,11.930469221195313,33.77240249425337
IA,Congressional District 4,4.0,2000-IA-5,2000,5,500,,621351,570279,19236,1633,10807,263,10957,8176,460619,Midwest,,4,621351,609487,765862,-1.9093877695537627,25.65682286906858
IA,Congressional District 5,5.0,2000-IA-6,2000,6,500,,558605,531604,4545,2601,5175,123,9702,4855,415228,Midwest,,5,558605,577453,,3.374119458293427,
ID,Congressional District 1,1.0,2000-ID-2,2000,2,500,,702521,643253,2305,9401,6935,697,25553,14377,507201,West,,1,702521,841930,954891,19.844104304355316,13.416911144631976
ID,Congressional District 2,2.0,2000-ID-3,2000,3,500,,591432,534051,3151,8244,4954,611,29189,11232,417722,West,,2,591432,725652,884215,22.694071338716874,21.851107693494953
IL,Congressional District 1,1.0,2000-IL-2,2000,2,500,,560239,128823,393738,1017,7632,150,20261,8618,400674,Midwest,,1,560239,587596,705949,4.883094536438913,20.141900217156007
IL,Congressional District 10,10.0,2000-IL-11,2000,11,500,,627793,496333,41952,1420,35956,299,39830,12003,454956,Midwest,,10,627793,650425,724946,3.6050099316175874,11.457277933658762
IL,Congressional District 11,11.0,2000-IL-12,2000,12,500,,635653,504469,83999,1503,4549,173,30658,10302,462610,Midwest,,11,635653,759445,706376,19.47477633237002,-6.987866139088414
IL,Congressional District 12,12.0,2000-IL-13,2000,13,500,,560912,439366,103683,1521,4959,207,4356,6820,418103,Midwest,,12,560912,666459,674870,18.81703368799384,1.2620431264338843
IL,Congressional District 13,13.0,2000-IL-14,2000,14,500,,759124,651412,34298,1096,46969,194,13344,11811,546085,Midwest,,13,759124,773095,695583,1.840410789278168,-10.026193417367853
IL,Congressional District 14,14.0,2000-IL-15,2000,15,500,,720663,601118,32189,1869,17706,253,53770,13758,510417,Midwest,,14,720663,840956,753195,16.69199056979476,-10.43586109142452
IL,Congressional District 15,15.0,2000-IL-16,2000,16,500,,595833,509612,52563,1186,15652,163,8303,8354,455130,Midwest,,15,595833,681580,680293,14.391112946077172,-0.18882596320314562
IL,Congressional District 16,16.0,2000-IL-17,2000,17,500,,691356,614822,35236,1566,9323,199,20224,9986,498163,Midwest,,16,691356,718791,692552,3.9682884071303355,-3.650435244737343
IL,Congressional District 17,17.0,2000-IL-18,2000,18,500,,567712,523622,21026,1145,3718,134,11015,7052,433983,Midwest,,17,567712,634792,673770,11.815850290288035,6.140279020529559
IL,Congressional District 18,18.0,2000-IL-19,2000,19,500,,597447,543086,37991,1245,5569,104,3394,6058,449436,Midwest,,18,597447,665723,701148,11.427959300155495,5.321282275060348
IL,Congressional District 19,19.0,2000-IL-20,2000,20,500,,575769,539061,26604,1201,2226,132,1737,4808,439834,Midwest,,19,575769,672930,,16.874996743485667,
IL,Congressional District 2,2.0,2000-IL-3,2000,3,500,,556482,100944,421557,1138,2557,158,22110,8018,383374,Midwest,,2,556482,602758,679628,8.31581255098997,12.753045169039648
IL,Congressional District 20,20.0,2000-IL-21,2000,21,500,,601341,555839,33383,1319,3129,159,2112,5400,453835,Midwest,,20,601341,,,,
IL,Congressional District 3,3.0,2000-IL-4,2000,4,500,,629597,494324,28447,1900,10439,199,76261,18027,464812,Midwest,,3,629597,663381,725625,5.3659722012652535,9.382843343418036
IL,Congressional District 4,4.0,2000-IL-5,2000,5,500,,625941,279763,50925,4382,16256,500,247567,26548,430662,Midwest,,4,625941,601156,698570,-3.9596383684724277,16.20444610051301
IL,Congressional District 5,5.0,2000-IL-6,2000,6,500,,635824,488185,12604,2082,38819,355,70734,23045,507968,Midwest,,5,635824,648610,743449,2.0109338433277135,14.621883720571685
IL,Congressional District 6,6.0,2000-IL-7,2000,7,500,,615419,515468,15052,1210,47630,190,24349,11520,465160,Midwest,,6,615419,657131,732745,6.7778212892354635,11.506685881506124
IL,Congressional District 7,7.0,2000-IL-8,2000,8,500,,569470,159378,360548,890,27334,305,12389,8626,411728,Midwest,,7,569470,638105,764663,12.05243472000281,19.833412996293713
IL,Congressional District 8,8.0,2000-IL-9,2000,9,500,,699513,583648,18594,1478,51442,256,31080,13015,508188,Midwest,,8,699513,738840,716990,5.62205420056525,-2.9573385306696984
IL,Congressional District 9,9.0,2000-IL-10,2000,10,500,,593205,396198,72486,1838,71738,480,29218,21247,478724,Midwest,,9,593205,628859,742156,6.01040112608626,18.016280279045063
IN,Congressional District 1,1.0,2000-IN-2,2000,2,500,,571747,406022,123297,1523,5087,213,25367,10238,419755,Midwest,,1,571747,705600,732202,23.411229092588155,3.770124716553288
IN,Congressional District 10,10.0,2000-IN-11,2000,11,500,,569211,339740,195005,1661,7633,240,14295,10637,420197,Midwest,,10,569211,,,,
IN,Congressional District 2,2.0,2000-IN-3,2000,3,500,,567204,529153,24341,1109,3671,167,3248,5515,428752,Midwest,,2,567204,679254,731881,19.75479721581653,7.747764459244995
IN,Congressional District 3,3.0,2000-IN-4,2000,4,500,,610182,520257,51470,1900,6068,245,19490,10752,447616,Midwest,,3,610182,723633,758914,18.592977177301197,4.8755377380523
IN,Congressional District 4,4.0,2000-IN-5,2000,5,500,,619891,555313,38226,1936,5492,197,10651,8076,445724,Midwest,,4,619891,789835,764870,27.41514233954034,-3.160786746598973
IN,Congressional District 5,5.0,2000-IN-6,2000,6,500,,585988,553089,14217,2162,2582,150,7329,6459,434388,Midwest,,5,585988,809107,804869,38.075694382820124,-0.5237873359147801
IN,Congressional District 6,6.0,2000-IN-7,2000,7,500,,724143,682429,16932,1274,10596,250,5895,6767,527308,Midwest,,6,724143,676548,723540,-6.572596848964915,6.945848631582681
IN,Congressional District 7,7.0,2000-IN-8,2000,8,500,,633484,596316,13757,1660,9505,176,5614,6456,477611,Midwest,,7,633484,676351,787266,6.766863882907856,16.39902949799734
IN,Congressional District 8,8.0,2000-IN-9,2000,9,500,,590205,553296,20790,1320,6294,197,2538,5770,453625,Midwest,,8,590205,694398,715369,17.653696596945128,3.020025979337498
IN,Congressional District 9,9.0,2000-IN-10,2000,10,500,,608430,584407,11999,1270,2198,170,3384,5002,451113,Midwest,,9,608430,729076,766617,19.829068257646732,5.149120256324443
KS,Congressional District 1,1.0,2000-KS-2,2000,2,500,,637670,572586,9082,3301,5555,229,36848,10069,469262,Midwest,,1,637670,655310,700773,2.7663211378926404,6.937632570844333
KS,Congressional District 2,2.0,2000-KS-3,2000,3,500,,641387,563629,37811,8066,6384,481,10653,14363,478187,Midwest,,2,641387,710047,713007,10.704925419442551,0.41687381257860395
KS,Congressional District 3,3.0,2000-KS-4,2000,4,500,,733606,612608,61151,5311,18487,276,21182,14591,539222,Midwest,,3,733606,767569,792286,4.629596813548417,3.220166525745568
KS,Congressional District 4,4.0,2000-KS-5,2000,5,500,,675755,565121,46154,8258,16380,327,22042,17473,488754,Midwest,,4,675755,720192,731814,6.575903988871707,1.613736336976806
KY,Congressional District 1,1.0,2000-KY-2,2000,2,500,,652338,588509,48814,1452,2396,362,4067,6738,495249,South,,1,652338,686989,719139,5.3118168802062735,4.679842035316431
KY,Congressional District 2,2.0,2000-KY-3,2000,3,500,,706978,650438,37089,1760,4960,411,4368,7952,524960,South,,2,706978,760032,778648,7.504335354141148,2.4493705528188285
KY,Congressional District 3,3.0,2000-KY-4,2000,4,500,,626676,474133,128542,1354,8974,229,4352,9092,476255,South,,3,626676,721626,756852,15.151370085977442,4.881476000033258
KY,Congressional District 4,4.0,2000-KY-5,2000,5,500,,691720,659158,17825,1349,3616,168,3563,6041,513354,South,,4,691720,741464,773543,7.1913491007922286,4.326440663336319
KY,Congressional District 5,5.0,2000-KY-6,2000,6,500,,648751,633522,7313,1310,1611,136,699,4160,488220,South,,5,648751,670051,693381,3.283231933361182,3.4818245178352094
KY,Congressional District 6,6.0,2000-KY-7,2000,7,500,,715306,635129,56411,1391,8187,154,5574,8460,548913,South,,6,715306,759205,784273,6.137093775251431,3.3018749876515567
LA,Congressional District 1,1.0,2000-LA-2,2000,2,500,,666747,543968,91577,2293,10958,193,8487,9271,500467,South,,1,666747,686961,812585,3.0317346759715456,18.28691876249161
LA,Congressional District 2,2.0,2000-LA-3,2000,3,500,,590824,164166,395198,1712,14952,129,6745,7922,423615,South,,2,590824,493352,775292,-16.497637198218083,57.14783764938623
LA,Congressional District 3,3.0,2000-LA-4,2000,4,500,,637359,447373,161032,10134,7408,110,3910,7392,453379,South,,3,637359,637371,785824,0.0018827693654596546,23.29145819310888
LA,Congressional District 4,4.0,2000-LA-5,2000,5,500,,616120,384419,209493,5161,4385,382,4216,8064,448686,South,,4,616120,667109,728346,8.275822891644486,9.179459428669077
LA,Congressional District 5,5.0,2000-LA-6,2000,6,500,,610398,398794,199191,2521,3117,123,2204,4448,445765,South,,5,610398,644296,739244,5.553425797594357,14.736704868569724
LA,Congressional District 6,6.0,2000-LA-7,2000,7,500,,683536,434637,229356,1564,9201,166,3050,5562,499419,South,,6,683536,727498,816466,6.431555909271787,12.229311970617102
LA,Congressional District 7,7.0,2000-LA-8,2000,8,500,,663992,482804,166097,2092,4737,137,2519,5606,477846,South,,7,663992,676785,,1.9266798395161389,
MA,Congressional District 1,1.0,2000-MA-2,2000,2,500,,610522,556464,11762,1361,10414,261,19968,10292,463604,Northeast,,1,610522,644956,730467,5.640091593750921,13.258423830462855
MA,Congressional District 10,10.0,2000-MA-11,2000,11,500,,663508,603815,17792,2245,18377,175,9199,11905,512275,Northeast,,10,663508,649239,,-2.150539254990143,
MA,Congressional District 2,2.0,2000-MA-3,2000,3,500,,615557,525012,37065,1455,8155,342,31831,11697,459078,Northeast,,2,615557,661045,780054,7.389729951897225,18.003161660703885
MA,Congressional District 3,3.0,2000-MA-4,2000,4,500,,655701,588173,17585,1475,18677,199,17690,11902,489670,Northeast,,3,655701,664919,796664,1.4058236909811026,19.813691592509763
MA,Congressional District 4,4.0,2000-MA-5,2000,5,500,,639072,571694,14377,1452,20653,166,17201,13529,483074,Northeast,,4,639072,656083,777137,2.6618284011817135,18.45101915458867
MA,Congressional District 5,5.0,2000-MA-6,2000,6,500,,644869,540067,13819,1431,34936,236,39382,14998,468507,Northeast,,5,644869,662269,794966,2.698222429671763,20.036722238244582
MA,Congressional District 6,6.0,2000-MA-7,2000,7,500,,652455,593181,15115,1068,16021,208,16313,10549,493445,Northeast,,6,652455,650161,777832,-0.3515951291659961,19.636828416346106
MA,Congressional District 7,7.0,2000-MA-8,2000,8,500,,616542,532016,21653,910,33862,262,13702,14137,487310,Northeast,,7,616542,648162,799816,5.128604377317361,23.397545675309566
MA,Congressional District 8,8.0,2000-MA-9,2000,9,500,,620372,368896,128166,2229,47347,418,45341,27975,507638,Northeast,,8,620372,660414,798458,6.45451438814131,20.9026459160466
MA,Congressional District 9,9.0,2000-MA-10,2000,10,500,,630499,487968,66120,1389,29682,222,26097,19021,484432,Northeast,,9,630499,650381,774523,3.1533753423875375,19.087580971768855
MD,Congressional District 1,1.0,2000-MD-2,2000,2,500,,682770,553113,103204,1842,10123,306,5166,9016,516380,South,,1,682770,744275,743611,9.008157944842333,-0.08921433609888818
MD,Congressional District 2,2.0,2000-MD-3,2000,3,500,,652938,569597,53861,1782,15554,284,3506,8354,490745,South,,2,652938,700893,785331,7.344495189436056,12.04720264006061
MD,Congressional District 3,3.0,2000-MD-4,2000,4,500,,643935,428072,172807,2044,20743,243,7305,12721,485578,South,,3,643935,719856,774165,11.790165156421068,7.544425551777022
MD,Congressional District 4,4.0,2000-MD-5,2000,5,500,,648764,143244,419946,2199,31562,358,31664,19791,472101,South,,4,648764,714316,798925,10.10413648106245,11.844757782270033
MD,Congressional District 5,5.0,2000-MD-6,2000,6,500,,714886,449626,208029,2955,26117,392,11962,15805,527782,South,,5,714886,767369,795379,7.341450245213922,3.6501344203375434
MD,Congressional District 6,6.0,2000-MD-7,2000,7,500,,723196,646840,44111,1425,17948,212,4086,8574,532440,South,,6,723196,738943,791619,2.1774180166925703,7.128560660294501
MD,Congressional District 7,7.0,2000-MD-8,2000,8,500,,539439,115105,402409,1282,10584,198,2418,7443,402262,South,,7,539439,659776,703752,22.307804960338427,6.665292462896498
MD,Congressional District 8,8.0,2000-MD-9,2000,9,500,,690558,485711,73044,1894,78298,310,29418,21883,513026,South,,8,690558,728124,784442,5.439948563335737,7.734671566930908
ME,Congressional District 1,1.0,2000-ME-2,2000,2,500,,666936,645813,4456,1929,6217,215,1663,6643,508181,Northeast,,1,666936,668515,704211,0.2367543512420982,5.339595970172696
ME,Congressional District 2,2.0,2000-ME-3,2000,3,500,,607987,590201,2304,5169,2894,167,1248,6004,465504,Northeast,,2,607987,659846,658148,8.529623166284805,-0.25733277158609735
MI,Congressional District 1,1.0,2000-MI-2,2000,2,500,,639161,600770,6775,17056,2659,173,1931,9797,489452,Midwest,,1,639161,650222,704350,1.730549892750027,8.324541464299886
MI,Congressional District 10,10.0,2000-MI-11,2000,11,500,,671306,630062,18903,2472,6831,133,3202,9703,503415,Midwest,,10,671306,719712,725177,7.210720595376772,0.7593315103819306
MI,Congressional District 11,11.0,2000-MI-12,2000,12,500,,640548,542388,56964,1516,26050,154,2796,10680,480981,Midwest,,11,640548,695888,757811,8.639477447435633,8.898414687420965
MI,Congressional District 12,12.0,2000-MI-13,2000,13,500,,574950,497356,34762,1714,25822,155,2245,12896,440624,Midwest,,12,574950,636601,747156,10.722845464823028,17.366450885248376
MI,Congressional District 13,13.0,2000-MI-14,2000,14,500,,628363,492572,82177,2452,31486,199,5057,14420,479981,Midwest,,13,628363,519570,674566,-17.313718344332816,29.83159150836269
MI,Congressional District 14,14.0,2000-MI-15,2000,15,500,,550599,92274,434667,1451,7035,109,2724,12339,377895,Midwest,,14,550599,550465,691502,-0.024337131015494035,25.621429155350476
MI,Congressional District 15,15.0,2000-MI-16,2000,16,500,,531634,114844,371486,2121,6001,180,22547,14455,373501,Midwest,,15,531634,682205,,28.32230444253001,
MI,Congressional District 16,16.0,2000-MI-17,2000,17,500,,592437,546036,14524,2435,7329,99,4835,17179,440534,Midwest,,16,592437,,,,
MI,Congressional District 2,2.0,2000-MI-3,2000,3,500,,686086,618075,30100,4289,6796,147,15802,10877,495289,Midwest,,2,686086,698831,757321,1.857638838279749,8.36969167080453
MI,Congressional District 3,3.0,2000-MI-4,2000,4,500,,662041,559513,54147,3471,10931,356,19976,13647,475965,Midwest,,3,662041,694695,753623,4.932322922598449,8.482571488207055
MI,Congressional District 4,4.0,2000-MI-5,2000,5,500,,651347,618378,11273,4790,3994,189,4255,8468,488520,Midwest,,4,651347,686378,697854,5.378239248818218,1.6719650105335544
MI,Congressional District 5,5.0,2000-MI-6,2000,6,500,,587031,512531,50463,2919,2958,87,8615,9458,433819,Midwest,,5,587031,635129,670703,8.193434418284554,5.601066869879977
MI,Congressional District 6,6.0,2000-MI-7,2000,7,500,,610640,520130,58388,3148,7150,183,9800,11841,453636,Midwest,,6,610640,671883,721654,10.029313507140051,7.407688541010861
MI,Congressional District 7,7.0,2000-MI-8,2000,8,500,,620053,556247,37622,2838,4521,152,8240,10433,459656,Midwest,,7,620053,676899,715305,9.167925967618897,5.6738154436629396
MI,Congressional District 8,8.0,2000-MI-9,2000,9,500,,658695,577594,40926,3153,14845,253,8466,13458,490538,Midwest,,8,658695,707572,739881,7.420277973872581,4.566178424245165
MI,Congressional District 9,9.0,2000-MI-10,2000,10,500,,633553,487283,109565,2654,12102,123,9061,12765,458871,Midwest,,9,633553,657590,720428,3.7939998705712075,9.55580224760109
MN,Congressional District 1,1.0,2000-MN-2,2000,2,500,,594864,563268,6849,1835,10040,172,6825,5875,442073,Midwest,,1,594864,644787,690726,8.39233841684822,7.124678382163411
MN,Congressional District 2,2.0,2000-MN-3,2000,3,500,,613816,586876,2924,2928,5383,344,10210,5151,443598,Midwest,,2,613816,732515,731958,19.33787975549676,-0.07603939851061071
MN,Congressional District 3,3.0,2000-MN-4,2000,4,500,,642053,569765,25858,2263,27613,228,5615,10711,470559,Midwest,,3,642053,650185,737898,1.2665621062435655,13.49046809754147
MN,Congressional District 4,4.0,2000-MN-5,2000,5,500,,577077,455616,40217,4558,45992,332,14291,16071,430856,Midwest,,4,577077,614624,726476,6.5064107562768925,18.198443275888998
MN,Congressional District 5,5.0,2000-MN-6,2000,6,500,,557819,403431,76858,9232,29404,356,18456,20082,437139,Midwest,,5,557819,616482,736036,10.516493701361911,19.392942535224062
MN,Congressional District 6,6.0,2000-MN-7,2000,7,500,,720995,671845,12772,3576,16123,240,5086,11353,505924,Midwest,,6,720995,759478,733957,5.337485003363407,-3.360334334898443
MN,Congressional District 7,7.0,2000-MN-8,2000,8,500,,588825,554527,2939,16161,4638,155,3912,6493,436814,Midwest,,7,588825,625512,673514,6.23054387976054,7.674033431812659
MN,Congressional District 8,8.0,2000-MN-9,2000,9,500,,624030,594954,3314,14414,2775,152,1415,7006,465622,Midwest,,8,624030,660342,675929,5.8189510119705785,2.360443527747743
MO,Congressional District 1,1.0,2000-MO-2,2000,2,500,,514264,188125,307921,1020,6695,113,2416,7974,376538,Midwest,,1,514264,587069,714746,14.15712552307764,21.748210176316583
MO,Congressional District 2,2.0,2000-MO-3,2000,3,500,,610984,552423,30855,1110,16458,170,3116,6852,453547,Midwest,,2,610984,706622,777693,15.653110392416167,10.05785271333188
MO,Congressional District 3,3.0,2000-MO-4,2000,4,500,,596066,536314,38269,1523,8462,123,3306,8069,448191,Midwest,,3,596066,625251,804485,4.896269876154654,28.665927763410217
MO,Congressional District 4,4.0,2000-MO-5,2000,5,500,,659533,616268,20758,3554,3733,439,5218,9563,490291,Midwest,,4,659533,679375,777217,3.008492372633363,14.401766329346827
MO,Congressional District 5,5.0,2000-MO-6,2000,6,500,,577050,385427,150837,2849,7843,1075,15372,13647,430694,Midwest,,5,577050,633887,788305,9.84957975911966,24.3604932740378
MO,Congressional District 6,6.0,2000-MO-7,2000,7,500,,635835,596919,17727,2596,4918,453,4658,8564,474270,Midwest,,6,635835,693974,781005,9.143724393907224,12.540959747771529
MO,Congressional District 7,7.0,2000-MO-8,2000,8,500,,695069,656367,8016,6772,4359,486,7224,11845,524730,Midwest,,7,695069,721754,792419,3.8391871886100515,9.790732022267976
MO,Congressional District 8,8.0,2000-MO-9,2000,9,500,,611537,568847,27139,3494,2714,128,1859,7356,457327,Midwest,,8,611537,656894,719043,7.416885650418535,9.461039376215949
MO,Congressional District 9,9.0,2000-MO-10,2000,10,500,,694873,647393,27869,2158,6413,191,2658,8191,511931,Midwest,,9,694873,684101,,-1.55021133358182,
MS,Congressional District 1,1.0,2000-MS-2,2000,2,500,,607229,460298,135922,1124,2274,136,3706,3769,448067,South,,1,607229,788095,758233,29.785468085351656,-3.789137096416041
MS,Congressional District 2,2.0,2000-MS-3,2000,3,500,,517345,172985,337366,630,2004,71,1737,2552,363019,South,,2,517345,668263,674491,29.171635948931563,0.9319684016622198
MS,Congressional District 3,3.0,2000-MS-4,2000,4,500,,588915,382629,188869,6960,3817,129,2880,3631,432493,South,,3,588915,756924,751039,28.528565242861877,-0.777488889241192
MS,Congressional District 4,4.0,2000-MS-5,2000,5,500,,530679,273795,249001,763,2133,54,1811,3122,385011,South,,4,530679,754015,777516,42.08495154321162,3.116781496389329
MS,Congressional District 5,5.0,2000-MS-6,2000,6,500,,600490,456392,122651,2175,8398,277,3650,6947,440881,South,,5,600490,,,,
MT,Congressional District (at Large),0.0,2000-MT-2,2000,2,500,,902195,817229,2692,56068,4691,470,5315,15730,672133,West,,0,902195,989415,1084225,9.667533072118555,9.582430021780548
NC,Congressional District 1,1.0,2000-NC-2,2000,2,500,,587830,270030,296638,4335,2134,157,9646,4890,435377,South,,1,587830,635936,739433,8.183658540734566,16.274750918331403
NC,Congressional District 10,10.0,2000-NC-11,2000,11,500,,655413,586718,39542,1577,9467,367,11804,5938,502724,South,,10,655413,689468,776691,5.195960409695871,12.650768418548793
NC,Congressional District 11,11.0,2000-NC-12,2000,12,500,,656619,597944,31832,9991,3241,176,6776,6659,515636,South,,11,656619,703606,768561,7.155900149097118,9.231729121127449
NC,Congressional District 12,12.0,2000-NC-13,2000,13,500,,666800,317427,297127,2749,15544,235,22873,10845,494775,South,,12,666800,736346,905489,10.42981403719256,22.970587196779775
NC,Congressional District 2,2.0,2000-NC-3,2000,3,500,,730266,485097,196739,3797,7778,313,26723,9819,546021,South,,2,730266,741576,911374,1.5487507291863514,22.89691144265726
NC,Congressional District 3,3.0,2000-NC-4,2000,4,500,,615614,462392,120141,2795,6263,506,13379,10138,468107,South,,3,615614,735979,756650,19.55202448287401,2.8086399204325123
NC,Congressional District 4,4.0,2000-NC-5,2000,5,500,,765876,550952,152514,2506,28200,203,19026,12475,584014,South,,4,765876,826878,875363,7.964996944675116,5.86362196115993
NC,Congressional District 5,5.0,2000-NC-6,2000,6,500,,637158,517130,91220,1770,4930,196,15392,6520,489507,South,,5,637158,693414,757711,8.82920719821457,9.272526946384122
NC,Congressional District 6,6.0,2000-NC-7,2000,7,500,,689529,580041,75389,2990,8632,190,14974,7313,526575,South,,6,689529,714412,795219,3.608695210788814,11.310980218697335
NC,Congressional District 7,7.0,2000-NC-8,2000,8,500,,690054,452885,158955,47268,4420,538,16870,9118,519329,South,,7,690054,742938,773424,7.663748054500083,4.103437971943823
NC,Congressional District 8,8.0,2000-NC-9,2000,9,500,,661112,430613,174546,17808,7896,838,17879,11532,480931,South,,8,661112,709449,810614,7.311469161049867,14.259657847146165
NC,Congressional District 9,9.0,2000-NC-10,2000,10,500,,693042,553427,102902,1965,15184,264,11287,8013,522270,South,,9,693042,852377,768917,22.99067011811694,-9.791442049703358
ND,Congressional District (at Large),0.0,2000-ND-2,2000,2,500,,642200,593181,3916,31329,3606,230,2540,7398,481351,Midwest,,0,642200,672591,779094,4.732326378075366,15.834734630704247
NE,Congressional District 1,1.0,2000-NE-2,2000,2,500,,581488,535732,8350,7191,9034,294,13053,7834,434645,Midwest,,1,581488,626092,659816,7.670665602729549,5.3864288315455235
NE,Congressional District 2,2.0,2000-NE-3,2000,3,500,,594207,492476,58701,3354,10314,360,18069,10933,431385,Midwest,,2,594207,638871,701005,7.516572507560497,9.725594055763995
NE,Congressional District 3,3.0,2000-NE-4,2000,4,500,,535568,505053,1490,4351,2583,182,16723,5186,394991,Midwest,,3,535568,561378,600683,4.819182624802079,7.001521256622098
NH,Congressional District 1,1.0,2000-NH-2,2000,2,500,,625527,601382,4978,1383,7573,191,3300,6720,468979,Northeast,,1,625527,657984,697737,5.188744850342192,6.041636270790779
NH,Congressional District 2,2.0,2000-NH-3,2000,3,500,,610259,585469,4057,1581,8358,180,4120,6494,457245,Northeast,,2,610259,658486,679792,7.902710160767805,3.235604097885149
NJ,Congressional District 1,1.0,2000-NJ-2,2000,2,500,,609847,447262,105975,1529,16620,222,26921,11318,447212,Northeast,,1,609847,669169,753059,9.727357845492394,12.536444455735396
NJ,Congressional District 10,10.0,2000-NJ-11,2000,11,500,,597384,152060,363712,1730,17721,352,38106,23703,434726,Northeast,,10,597384,634343,816008,6.186807815408515,28.638291902015155
NJ,Congressional District 11,11.0,2000-NJ-12,2000,12,500,,665932,583165,18024,720,42773,231,11339,9680,498788,Northeast,,11,665932,674349,761843,1.263942865037271,12.974587342755752
NJ,Congressional District 12,12.0,2000-NJ-13,2000,13,500,,709867,596928,37819,871,55319,239,8153,10538,529022,Northeast,,12,709867,701881,786129,-1.1249994717320289,12.003174327272003
NJ,Congressional District 13,13.0,2000-NJ-14,2000,14,500,,656461,365932,84746,3002,39354,429,124696,38302,502220,Northeast,,13,656461,684965,,4.342070587590124,
NJ,Congressional District 2,2.0,2000-NJ-3,2000,3,500,,652730,491281,96426,2693,16094,278,31957,14001,489052,Northeast,,2,652730,692205,732477,6.047676681016653,5.817929659566169
NJ,Congressional District 3,3.0,2000-NJ-4,2000,4,500,,647095,558295,53926,1072,17179,190,6665,9768,491431,Northeast,,3,647095,680341,755873,5.137730935952217,11.102079692389552
NJ,Congressional District 4,4.0,2000-NJ-5,2000,5,500,,674193,541715,84076,1216,14450,358,19939,12439,503058,Northeast,,4,674193,724596,797608,7.4760491431978675,10.076235585070853
NJ,Congressional District 5,5.0,2000-NJ-6,2000,6,500,,638669,573240,9565,1101,39583,94,7085,8001,471962,Northeast,,5,638669,666551,747197,4.365641670411434,12.098999176357097
NJ,Congressional District 6,6.0,2000-NJ-7,2000,7,500,,632202,454362,77191,1182,59428,232,24516,15291,485019,Northeast,,6,632202,668806,765024,5.789921575698907,14.386533613633848
NJ,Congressional District 7,7.0,2000-NJ-8,2000,8,500,,642715,476925,75174,937,56084,211,20055,13329,484980,Northeast,,7,642715,672885,760058,4.694149039620983,12.955111200279394
NJ,Congressional District 8,8.0,2000-NJ-9,2000,9,500,,640015,404510,88854,2026,32808,260,87103,24454,479690,Northeast,,8,640015,660424,821397,3.1888315117614434,24.37418991435805
NJ,Congressional District 9,9.0,2000-NJ-10,2000,10,500,,647240,459030,46333,1413,72863,233,44437,22931,509632,Northeast,,9,647240,661379,792321,2.184506519992584,19.79833045802785
NM,Congressional District 1,1.0,2000-NM-2,2000,2,500,,592911,420865,15541,20698,10642,604,99604,24957,440463,West,,1,592911,701939,694577,18.38859457827566,-1.0488090845500821
NM,Congressional District 2,2.0,2000-NM-3,2000,3,500,,596790,416406,11088,24889,3593,404,120277,20133,424878,West,,2,596790,663956,714022,11.25454514988522,7.540559916620982
NM,Congressional District 3,3.0,2000-NM-4,2000,4,500,,629345,376982,7714,127896,5020,495,90001,21237,445131,West,,3,629345,693284,708923,10.159610388578603,2.255785507814979
NV,Congressional District 1,1.0,2000-NV-2,2000,2,500,,936104,644914,89739,7688,49795,4357,98586,41025,694776,West,,1,936104,820134,702822,-12.388580755984378,-14.30400397983744
NV,Congressional District 2,2.0,2000-NV-3,2000,3,500,,1062153,856972,45738,18732,40471,4069,60768,35403,791682,West,,2,1062153,836562,758820,-21.239030535148892,-9.29303506494438
NY,Congressional District 1,1.0,2000-NY-2,2000,2,500,,642032,572127,27769,2117,15405,220,13245,11149,477691,Northeast,,1,642032,705559,740319,9.894678146883644,4.9265901221584585
NY,Congressional District 10,10.0,2000-NY-11,2000,11,500,,621305,128895,397063,2534,14640,324,53168,24681,438360,Northeast,,10,621305,677721,803803,9.080242393027579,18.603820746295305
NY,Congressional District 11,11.0,2000-NY-12,2000,12,500,,586819,113031,402404,1822,19784,283,26777,22718,420919,Northeast,,11,586819,632408,766236,7.768835024087495,21.1616551340274
NY,Congressional District 12,12.0,2000-NY-13,2000,13,500,,620677,228518,78361,4704,102074,588,169436,36996,457797,Northeast,,12,620677,672358,811688,8.326553102499368,20.722591238596106
NY,Congressional District 13,13.0,2000-NY-14,2000,14,500,,670006,510894,45069,1508,64620,298,26003,21614,511805,Northeast,,13,670006,686525,736348,2.465500308952457,7.257273952150323
NY,Congressional District 14,14.0,2000-NY-15,2000,15,500,,608017,470510,27912,1236,56516,329,28822,22692,533115,Northeast,,14,608017,652681,750025,7.345847237823942,14.91448349193557
NY,Congressional District 15,15.0,2000-NY-16,2000,16,500,,607324,148485,222887,5663,16351,584,176284,37070,456871,Northeast,,15,607324,639873,767335,5.359412768143528,19.91989035324197
NY,Congressional District 16,16.0,2000-NY-17,2000,17,500,,647437,137219,233250,7273,12319,819,214085,42472,425647,Northeast,,16,647437,693819,770401,7.1639402752700265,11.03774903829385
NY,Congressional District 17,17.0,2000-NY-18,2000,18,500,,627566,179434,273415,4185,22193,522,113597,34220,452030,Northeast,,17,627566,678558,763751,8.125360519849705,12.555006351704645
NY,Congressional District 18,18.0,2000-NY-19,2000,19,500,,620213,437563,52637,1281,68662,283,37272,22515,482915,Northeast,,18,620213,674825,748442,8.805362028851379,10.909050494572666
NY,Congressional District 19,19.0,2000-NY-20,2000,20,500,,626776,528592,46751,1303,17596,188,19843,12503,465795,Northeast,,19,626776,699959,698673,11.676101190856063,-0.18372504675273837
NY,Congressional District 2,2.0,2000-NY-3,2000,3,500,,612961,475139,68086,1557,14622,238,36961,16358,449123,Northeast,,2,612961,679893,728156,10.919454908224177,7.098616988261389
NY,Congressional District 20,20.0,2000-NY-21,2000,21,500,,635820,514905,56826,1692,27392,330,20353,14322,459261,Northeast,,20,635820,683198,746290,7.451479978610298,9.234804551535571
NY,Congressional District 21,21.0,2000-NY-22,2000,22,500,,573294,491343,49899,1253,13491,157,7002,10149,440330,Northeast,,21,573294,679193,705041,18.47202308065321,3.8056929326421205
NY,Congressional District 22,22.0,2000-NY-23,2000,23,500,,619548,586809,15221,1313,5111,150,4432,6512,467353,Northeast,,22,619548,679297,696610,9.64396624636025,2.5486642808668374
NY,Congressional District 23,23.0,2000-NY-24,2000,24,500,,563385,529966,17220,1552,4287,137,3711,6512,427180,Northeast,,23,563385,664245,693509,17.902500066561945,4.405603354184073
NY,Congressional District 24,24.0,2000-NY-25,2000,25,500,,582371,543497,17323,5781,3481,252,6046,5991,437248,Northeast,,24,582371,657222,717307,12.852803453468663,9.142268518095864
NY,Congressional District 25,25.0,2000-NY-26,2000,26,500,,569864,496800,44077,4258,10016,166,4343,10204,423431,Northeast,,25,569864,668869,733041,17.373443488270883,9.594105871254312
NY,Congressional District 26,26.0,2000-NY-27,2000,27,500,,589237,505601,39053,1549,15530,167,15142,12195,451845,Northeast,,26,589237,674804,742451,14.52166106337518,10.024688650334022
NY,Congressional District 27,27.0,2000-NY-28,2000,28,500,,610516,570348,18500,1702,9298,136,4021,6511,458060,Northeast,,27,610516,629271,720092,3.0719915612367243,14.432732479329255
NY,Congressional District 28,28.0,2000-NY-29,2000,29,500,,592533,448758,95937,1642,16276,176,17005,12739,441342,Northeast,,28,592533,611838,,3.2580463872898218,
NY,Congressional District 29,29.0,2000-NY-30,2000,30,500,,572581,508859,34471,4308,5637,159,10487,8660,433100,Northeast,,29,572581,663727,,15.918446473075425,
NY,Congressional District 3,3.0,2000-NY-4,2000,4,500,,588611,528425,15241,545,22840,137,12720,8703,445809,Northeast,,3,588611,645508,739197,9.66631612389167,14.51399517899081
NY,Congressional District 30,30.0,2000-NY-31,2000,31,500,,563256,440776,103389,3610,4228,113,4623,6517,422671,Northeast,,30,563256,,,,
NY,Congressional District 31,31.0,2000-NY-32,2000,32,500,,575753,541483,15180,3698,4152,117,4738,6385,431007,Northeast,,31,575753,,,,
NY,Congressional District 4,4.0,2000-NY-5,2000,5,500,,611953,416619,114748,1396,30551,232,31618,16789,457581,Northeast,,4,611953,663407,751432,8.408162064733729,13.268626951479256
NY,Congressional District 5,5.0,2000-NY-6,2000,6,500,,615731,444492,21259,871,115017,136,18603,15353,478537,Northeast,,5,615731,670130,778780,8.834864575602008,16.21327205169146
NY,Congressional District 6,6.0,2000-NY-7,2000,7,500,,664941,120003,349147,4793,66136,477,70739,53646,483790,Northeast,,6,664941,651764,769247,-1.9816795775865828,18.025389558183637
NY,Congressional District 7,7.0,2000-NY-8,2000,8,500,,684573,349370,61750,3871,114787,459,113552,40784,534740,Northeast,,7,684573,667632,762833,-2.474681297684834,14.259502240755387
NY,Congressional District 8,8.0,2000-NY-9,2000,9,500,,618987,465176,40200,1472,64666,310,27612,19551,512086,Northeast,,8,618987,713512,804400,15.270918452245363,12.738117929341062
NY,Congressional District 9,9.0,2000-NY-10,2000,10,500,,652370,460052,29340,1972,87298,331,49706,23671,508911,Northeast,,9,652370,660306,755842,1.2164875760687954,14.46844341865741
OH,Congressional District 1,1.0,2000-OH-2,2000,2,500,,542618,339194,184457,1001,6936,192,2874,7964,400619,Midwest,,1,542618,598699,768550,10.335263481860167,28.370015650602387
OH,Congressional District 10,10.0,2000-OH-11,2000,11,500,,573874,504074,29106,1403,10374,165,16822,11930,435768,Midwest,,10,573874,599205,729405,4.41403513663278,21.728790647608083
OH,Congressional District 11,11.0,2000-OH-12,2000,12,500,,532337,168498,343463,876,7337,136,3256,8771,386696,Midwest,,11,532337,540432,692589,1.5206532703907487,28.15469846345146
OH,Congressional District 12,12.0,2000-OH-13,2000,13,500,,661049,474527,150716,1682,14310,252,5144,14418,480473,Midwest,,12,661049,756303,808944,14.40952183574894,6.960305591806458
OH,Congressional District 13,13.0,2000-OH-14,2000,14,500,,645068,590764,30513,1306,4551,115,8834,8985,472096,Midwest,,13,645068,649102,698441,0.6253604271177612,7.601116619575968
OH,Congressional District 14,14.0,2000-OH-15,2000,15,500,,586402,495288,71982,1188,7745,112,1701,8386,442529,Midwest,,14,586402,648128,730056,10.526226036063997,12.640712945590996
OH,Congressional District 15,15.0,2000-OH-16,2000,16,500,,649980,558132,50293,1701,20988,277,6676,11913,499055,Midwest,,15,649980,681557,766337,4.858149481522508,12.439165029483961
OH,Congressional District 16,16.0,2000-OH-17,2000,17,500,,605661,562608,29786,1239,3217,93,1596,7122,447953,Midwest,,16,605661,644691,739110,6.444198982599176,14.645620925373551
OH,Congressional District 17,17.0,2000-OH-18,2000,18,500,,563164,489081,60712,916,2469,110,3253,6623,428652,Midwest,,17,563164,600111,,6.560611118608434,
OH,Congressional District 18,18.0,2000-OH-19,2000,19,500,,586247,560992,15306,1307,1479,126,1128,5909,441297,Midwest,,18,586247,653167,,11.414983786697416,
OH,Congressional District 19,19.0,2000-OH-20,2000,20,500,,599574,562390,17553,679,9536,102,3238,6076,457864,Midwest,,19,599574,,,,
OH,Congressional District 2,2.0,2000-OH-3,2000,3,500,,634061,598982,16666,1210,8919,119,2195,5970,464926,Midwest,,2,634061,673873,734793,6.278891147697147,9.040279103035735
OH,Congressional District 3,3.0,2000-OH-4,2000,4,500,,556039,425081,111024,1258,7337,196,2717,8426,418833,Midwest,,3,556039,640899,809749,15.261519425795672,26.345804877211542
OH,Congressional District 4,4.0,2000-OH-5,2000,5,500,,591795,547241,30854,1194,3162,101,2934,6309,441014,Midwest,,4,591795,632771,716177,6.924019297222856,13.1810718253523
OH,Congressional District 5,5.0,2000-OH-6,2000,6,500,,589716,555963,13846,1177,2293,67,9576,6794,435474,Midwest,,5,589716,627799,731052,6.457854289183268,16.446824540975694
OH,Congressional District 6,6.0,2000-OH-7,2000,7,500,,620901,593493,13871,2083,3416,128,1211,6699,468267,Midwest,,6,620901,623742,687118,0.45756086719138794,10.160611278381126
OH,Congressional District 7,7.0,2000-OH-8,2000,8,500,,620156,570307,32238,1563,5469,158,2178,8243,461848,Midwest,,7,620156,683371,737340,10.193402950225428,7.897467115227307
OH,Congressional District 8,8.0,2000-OH-9,2000,9,500,,625445,587628,20570,1246,6796,177,2831,6197,459982,Midwest,,8,625445,663644,745736,6.107491466076153,12.369885058856857
OH,Congressional District 9,9.0,2000-OH-10,2000,10,500,,569053,461210,78351,1457,6299,123,10463,11150,421455,Midwest,,9,569053,619010,704051,8.778971378764368,13.738227169189512
OK,Congressional District 1,1.0,2000-OK-2,2000,2,500,,586853,442154,62276,31113,9229,257,15828,25996,432126,South,,1,586853,754310,828677,28.534743794442562,9.858943935517228
OK,Congressional District 2,2.0,2000-OK-3,2000,3,500,,599445,423628,26185,101945,1762,197,5092,40636,439720,South,,2,599445,729887,722078,21.760461760461762,-1.06989164076083
OK,Congressional District 3,3.0,2000-OK-4,2000,4,500,,565932,444006,21605,63672,3743,220,5822,26864,425104,South,,3,565932,732394,785191,29.41378116098754,7.208824758258533
OK,Congressional District 4,4.0,2000-OK-5,2000,5,500,,572589,455361,42995,26504,10409,735,13867,22718,424360,South,,4,572589,785424,798552,37.170640721355106,1.6714538898734952
OK,Congressional District 5,5.0,2000-OK-6,2000,6,500,,593898,474755,38775,24489,14841,327,18762,21949,442828,South,,5,593898,749336,824855,26.17250773701881,10.078122497784706
OK,Congressional District 6,6.0,2000-OK-7,2000,7,500,,531937,388530,69132,25507,6783,636,23527,17822,394156,South,,6,531937,,,,
OR,Congressional District 1,1.0,2000-OR-2,2000,2,500,,743195,634471,8713,6009,37133,1806,33168,21895,556632,West,,1,743195,802570,864052,7.989154932420159,7.660640193378771
OR,Congressional District 2,2.0,2000-OR-3,2000,3,500,,701847,626444,2966,14774,5671,1095,33423,17474,523285,West,,2,701847,769987,850971,9.708668698448522,10.517580166937883
OR,Congressional District 3,3.0,2000-OR-4,2000,4,500,,650092,515429,35857,6769,36120,2299,27240,26378,495775,West,,3,650092,762155,851078,17.238021695390806,11.66731176729143
OR,Congressional District 4,4.0,2000-OR-5,2000,5,500,,633335,582150,3291,8719,8804,1001,10242,19128,484801,West,,4,633335,739234,823608,16.720850734603328,11.413706620637038
OR,Congressional District 5,5.0,2000-OR-6,2000,6,500,,692930,603129,4835,8940,13622,1775,40759,19870,514380,West,,5,692930,757128,847547,9.264716493729527,11.942366416246658
PA,Congressional District 1,1.0,2000-PA-2,2000,2,500,,515560,159877,285777,1565,21611,240,35183,11307,371973,Northeast,,1,515560,655146,732646,27.074637287609587,11.82942428099996
PA,Congressional District 10,10.0,2000-PA-11,2000,11,500,,613459,582045,15948,1107,3736,74,4769,5780,467014,Northeast,,10,613459,669257,759486,9.095636383197574,13.481965821799399
PA,Congressional District 11,11.0,2000-PA-12,2000,12,500,,579470,557184,10750,661,3531,104,3050,4190,452714,Northeast,,11,579470,687860,748591,18.705023556008076,8.828976826679847
PA,Congressional District 12,12.0,2000-PA-13,2000,13,500,,556856,541172,9233,492,1909,80,1031,2939,435395,Northeast,,12,556856,612384,686782,9.97169824873935,12.148913100276951
PA,Congressional District 13,13.0,2000-PA-14,2000,14,500,,628203,539505,49826,662,26174,215,4707,7114,477013,Northeast,,13,628203,674188,694813,7.320086023148568,3.059235702800999
PA,Congressional District 14,14.0,2000-PA-15,2000,15,500,,529299,408909,97605,811,12271,177,2581,6945,418657,Northeast,,14,529299,584493,689589,10.427754445030125,17.980711488418166
PA,Congressional District 15,15.0,2000-PA-16,2000,16,500,,612265,547583,18732,994,10387,200,24738,9631,466190,Northeast,,15,612265,721828,674325,17.89470245726932,-6.580930637215514
PA,Congressional District 16,16.0,2000-PA-17,2000,17,500,,647575,574703,35105,1014,10460,215,17800,8278,472855,Northeast,,16,647575,723977,688028,11.798170096127862,-4.96548923515526
PA,Congressional District 17,17.0,2000-PA-18,2000,18,500,,608390,535013,46323,846,8945,191,9228,7844,459311,Northeast,,17,608390,681835,737056,12.0720261674255,8.098880227621052
PA,Congressional District 18,18.0,2000-PA-19,2000,19,500,,535432,465221,56164,623,6521,115,1448,5340,417735,Northeast,,18,535432,653385,702613,22.029501411944,7.534302134269994
PA,Congressional District 19,19.0,2000-PA-20,2000,20,500,,632862,591704,19813,1079,5911,203,7554,6598,482047,Northeast,,19,632862,728630,,15.132524942246492,
PA,Congressional District 2,2.0,2000-PA-3,2000,3,500,,532455,156469,342649,1303,17379,244,4199,10212,408896,Northeast,,2,532455,630277,733054,18.371881191837808,16.306639779017797
PA,Congressional District 20,20.0,2000-PA-21,2000,21,500,,570336,541274,19178,532,3882,126,963,4381,443577,Northeast,,20,570336,,,,
PA,Congressional District 21,21.0,2000-PA-22,2000,22,500,,581440,542829,25832,839,3099,149,2910,5782,440871,Northeast,,21,581440,,,,
PA,Congressional District 3,3.0,2000-PA-4,2000,4,500,,572488,414750,78268,1362,29723,264,34416,13705,427777,Northeast,,3,572488,640356,752057,11.854920976509552,17.4435782595931
PA,Congressional District 4,4.0,2000-PA-5,2000,5,500,,582777,553813,19943,525,2913,80,995,4508,444624,Northeast,,4,582777,647418,754596,11.091892782316393,16.55468337302948
PA,Congressional District 5,5.0,2000-PA-6,2000,6,500,,582083,558752,9191,1001,6984,187,1789,4179,452647,Northeast,,5,582083,651762,731012,11.97062961811288,12.159346509922333
PA,Congressional District 6,6.0,2000-PA-7,2000,7,500,,600437,544967,20916,842,4705,127,21605,7275,458829,Northeast,,6,600437,726465,752938,20.98937940200221,3.644084711582802
PA,Congressional District 7,7.0,2000-PA-8,2000,8,500,,587281,521319,33804,626,22740,125,2395,6272,446981,Northeast,,7,587281,673623,745782,14.701991040064296,10.712074854926271
PA,Congressional District 8,8.0,2000-PA-9,2000,9,500,,624248,576618,20402,807,14881,167,5067,6306,463702,Northeast,,8,624248,672685,713086,7.75925593674309,6.005931453800813
PA,Congressional District 9,9.0,2000-PA-10,2000,10,500,,588138,570496,9153,657,2051,134,2009,3638,450025,Northeast,,9,588138,666810,706246,13.376452465237751,5.914128462380589
PR,Resident Commissioner District (at Large),98.0,2000-PR-2,2000,2,500,,3808610,3064862,302933,13336,7960,1093,260011,158415,2716509,Other,,98,3808610,3725789,3285874,-2.174572875668551,-11.807297729420533
RI,Congressional District 1,1.0,2000-RI-2,2000,2,500,,510287,440716,21663,1671,8963,214,22455,14605,394607,Northeast,,1,510287,519021,554307,1.7115858330704095,6.798568844035212
RI,Congressional District 2,2.0,2000-RI-3,2000,3,500,,538032,450475,25245,3450,14702,353,30161,13646,405890,Northeast,,2,538032,533546,543072,-0.8337794034555566,1.7854130665397174
SC,Congressional District 1,1.0,2000-SC-2,2000,2,500,,684765,513145,143798,2873,8381,448,7429,8691,518438,South,,1,684765,856956,818893,25.14599899235504,-4.441651613385051
SC,Congressional District 2,2.0,2000-SC-3,2000,3,500,,731022,498270,202570,2273,8832,431,10046,8600,547701,South,,2,731022,825324,721829,12.900022160755764,-12.53992371480776
SC,Congressional District 3,3.0,2000-SC-4,2000,4,500,,670139,514185,139750,1604,3697,159,5138,5606,506959,South,,3,670139,722675,706785,7.839567612092417,-2.1987753831251946
SC,Congressional District 4,4.0,2000-SC-5,2000,5,500,,670335,510914,132633,1339,9041,273,8927,7208,504870,South,,4,670335,770226,760233,14.901653650786548,-1.297411409118882
SC,Congressional District 5,5.0,2000-SC-6,2000,6,500,,655525,435889,200903,4144,3494,189,5396,5510,482788,South,,5,655525,767773,736286,17.12337439456924,-4.1010819604231985
SC,Congressional District 6,6.0,2000-SC-7,2000,7,500,,600226,223157,365562,1485,2569,128,2990,4335,441615,South,,6,600226,682410,646463,13.69217594705994,-5.267654342697205
SD,Congressional District (at Large),0.0,2000-SD-2,2000,2,500,,754844,669404,4685,62283,4378,261,3677,10156,552195,Midwest,,0,754844,814180,886667,7.860697044687378,8.90306811761527
TN,Congressional District 1,1.0,2000-TN-2,2000,2,500,,628443,604875,12332,1539,2481,116,2343,4757,489866,South,,1,628443,684093,726822,8.85521837302667,6.246080576763686
TN,Congressional District 2,2.0,2000-TN-3,2000,3,500,,636383,577206,39817,1801,6365,161,3723,7310,491276,South,,2,636383,723798,773834,13.736224883442832,6.912978482946899
TN,Congressional District 3,3.0,2000-TN-4,2000,4,500,,595855,507563,71056,1679,5256,245,3488,6568,457818,South,,3,595855,692346,738526,16.19370484429937,6.670075366940807
TN,Congressional District 4,4.0,2000-TN-5,2000,5,500,,635355,598156,21374,1654,2103,190,6274,5604,483938,South,,4,635355,688008,830847,8.287178034327265,20.76124114835874
TN,Congressional District 5,5.0,2000-TN-6,2000,6,500,,607853,415194,151620,1783,13169,407,14152,11528,470784,South,,5,607853,707420,800247,16.380111638833732,13.121907777557887
TN,Congressional District 6,6.0,2000-TN-7,2000,7,500,,738663,672259,42425,2018,7397,280,7295,6989,545725,South,,6,738663,788754,811099,6.781306224895521,2.8329491831420186
TN,Congressional District 7,7.0,2000-TN-8,2000,8,500,,728956,585003,113008,2183,10463,451,7786,10062,533404,South,,7,728956,792605,822369,8.731528377570113,3.7552122431728288
TN,Congressional District 8,8.0,2000-TN-9,2000,9,500,,604894,448463,141869,1588,3190,170,4173,5441,448166,South,,8,604894,658258,716347,8.822041547775312,8.824655378286325
TN,Congressional District 9,9.0,2000-TN-10,2000,10,500,,512881,154591,339308,907,6238,185,6802,4850,369785,South,,9,512881,610823,690749,19.09643757518801,13.08496896809714
TX,Congressional District 1,1.0,2000-TX-2,2000,2,500,,622475,480028,105689,3529,2480,216,22633,7900,464994,South,,1,622475,723464,722363,16.223784087714364,-0.1521844901750467
TX,Congressional District 10,10.0,2000-TX-11,2000,11,500,,791117,533878,75111,4630,36137,555,117945,22861,602965,South,,10,791117,981367,937982,24.04827604513618,-4.420874147999678
TX,Congressional District 11,11.0,2000-TX-12,2000,12,500,,663275,466207,108807,4143,10038,1649,54480,17951,481889,South,,11,663275,710682,779694,7.1474124608948015,9.71067228380626
TX,Congressional District 12,12.0,2000-TX-13,2000,13,500,,661753,492436,56919,4595,13989,1068,76467,16279,477999,South,,12,661753,831100,864524,25.590666003780864,4.021658043556732
TX,Congressional District 13,13.0,2000-TX-14,2000,14,500,,597401,443655,51020,4930,8257,291,75390,13858,438234,South,,13,597401,672781,707470,12.61799026114787,5.15606118484321
TX,Congressional District 14,14.0,2000-TX-15,2000,15,500,,688604,521030,62817,3664,5164,309,81155,14465,501822,South,,14,688604,779704,774686,13.22966465486695,-0.6435775627674092
TX,Congressional District 15,15.0,2000-TX-16,2000,16,500,,780310,599649,13809,3671,4605,295,140942,17339,521497,South,,15,780310,787124,807702,0.8732426855993131,2.614327602766527
TX,Congressional District 16,16.0,2000-TX-17,2000,17,500,,620847,461298,18847,5126,6199,592,108851,19934,426046,South,,16,620847,757427,757362,21.9989788144261,-0.008581685099686175
TX,Congressional District 17,17.0,2000-TX-18,2000,18,500,,618958,520668,24896,3787,3328,227,54344,11708,459389,South,,17,618958,760042,805606,22.793792147447807,5.994931859028843
TX,Congressional District 18,18.0,2000-TX-19,2000,19,500,,606441,235344,244852,2562,18520,250,89176,15737,443062,South,,18,606441,720991,796908,18.888894385438977,10.529535042739784
TX,Congressional District 19,19.0,2000-TX-20,2000,20,500,,607535,492025,18479,4006,5956,202,74537,12330,439901,South,,19,607535,698137,731424,14.913050276938778,4.76797534008368
TX,Congressional District 2,2.0,2000-TX-3,2000,3,500,,669591,519631,103685,3320,3052,225,30717,8961,497612,South,,2,669591,782375,814704,16.84371504395967,4.132161687170475
TX,Congressional District 20,20.0,2000-TX-21,2000,21,500,,624384,413828,36642,5985,8995,670,132070,26194,445820,South,,20,624384,711705,772103,13.985143757687576,8.48638129562108
TX,Congressional District 21,21.0,2000-TX-22,2000,22,500,,801078,692475,25810,3882,12945,607,48514,16845,592629,South,,21,801078,856954,848070,6.975101051333328,-1.0366950851504282
TX,Congressional District 22,22.0,2000-TX-23,2000,23,500,,784759,492840,115079,2930,78803,344,72595,22168,554722,South,,22,784759,910877,972309,16.070921136297894,6.744269533647243
TX,Congressional District 23,23.0,2000-TX-24,2000,24,500,,762627,587045,20918,4737,7635,406,121258,20628,514634,South,,23,762627,847651,834649,11.148831604440964,-1.5338859978930008
TX,Congressional District 24,24.0,2000-TX-25,2000,25,500,,680808,375452,144065,4559,17711,680,118599,19742,470431,South,,24,680808,792319,822706,16.379214110292477,3.8351976918387667
TX,Congressional District 25,25.0,2000-TX-26,2000,26,500,,662264,354622,157362,2713,35805,459,92041,19262,467919,South,,25,662264,814381,846452,22.969238853387772,3.93808303484487
TX,Congressional District 26,26.0,2000-TX-27,2000,27,500,,845541,673943,50457,4063,39479,368,58301,18930,620800,South,,26,845541,915137,943106,8.230943265909046,3.056263706964094
TX,Congressional District 27,27.0,2000-TX-28,2000,28,500,,664428,506855,15201,3531,5351,349,115221,17920,457421,South,,27,664428,741993,739697,11.673951127887445,-0.30943688148001397
TX,Congressional District 28,28.0,2000-TX-29,2000,29,500,,646161,430656,52686,4983,4832,537,131495,20972,443880,South,,28,646161,851824,781276,31.828445232689685,-8.281992524277316
TX,Congressional District 29,29.0,2000-TX-30,2000,30,500,,672591,341283,105836,4170,15071,446,181988,23797,450127,South,,29,672591,677032,717255,0.6602824004484152,5.941078117430195
TX,Congressional District 3,3.0,2000-TX-4,2000,4,500,,835040,609159,80202,3948,66581,462,53828,20860,596931,South,,3,835040,842449,933008,0.8872628856102701,10.749493441145992
TX,Congressional District 30,30.0,2000-TX-31,2000,31,500,,633860,239880,248794,3297,15819,451,109383,16236,448153,South,,30,633860,706469,782976,11.455053166314329,10.829491456808437
TX,Congressional District 4,4.0,2000-TX-5,2000,5,500,,707329,602008,54135,5158,4318,245,29673,11792,517680,South,,4,707329,846142,787256,19.624955289547014,-6.959351976382215
TX,Congressional District 5,5.0,2000-TX-6,2000,6,500,,657495,440493,114310,3914,9884,316,74168,14410,486940,South,,5,657495,725642,783116,10.364641556209552,7.920434594469448
TX,Congressional District 6,6.0,2000-TX-7,2000,7,500,,759418,621128,60952,3739,28398,1070,28054,16077,550402,South,,6,759418,809095,824978,6.5414567471405745,1.9630574901587576
TX,Congressional District 7,7.0,2000-TX-8,2000,8,500,,772147,558184,57948,3079,55965,456,73094,23421,559414,South,,7,772147,780611,800911,1.0961643314032172,2.6005270230627033
TX,Congressional District 8,8.0,2000-TX-9,2000,9,500,,776623,665282,40965,3039,19676,428,33371,13862,563440,South,,8,776623,833770,916386,7.358396545041803,9.908727826618852
TX,Congressional District 9,9.0,2000-TX-10,2000,10,500,,636960,428523,138273,2672,17326,261,37711,12194,468308,South,,9,636960,733796,770798,15.202838482793268,5.042545884687297
UT,Congressional District 1,1.0,2000-UT-2,2000,2,500,,765156,697478,6708,6902,9507,1938,28316,14307,512199,West,,1,765156,906660,800097,18.493483681759013,-11.753358480577063
UT,Congressional District 2,2.0,2000-UT-3,2000,3,500,,702102,627909,6376,5246,15538,4834,26490,15709,494560,West,,2,702102,890993,801636,26.90364078153886,-10.028922786149835
UT,Congressional District 3,3.0,2000-UT-4,2000,4,500,,765911,667588,4573,17536,12063,8373,38599,17179,507712,West,,3,765911,966232,786714,26.154605430657085,-18.579181811407615
VA,Congressional District 1,1.0,2000-VA-2,2000,2,500,,709060,534598,139703,2802,10934,474,7866,12683,527483,South,,1,709060,786237,827606,10.88441034609201,5.261645025609327
VA,Congressional District 10,10.0,2000-VA-11,2000,11,500,,792534,659594,52757,1917,41835,423,18524,17484,571868,South,,10,792534,869437,885422,9.703432281769615,1.8385460936215046
VA,Congressional District 11,11.0,2000-VA-12,2000,12,500,,649553,432299,73105,2013,79426,539,35800,26371,482210,South,,11,649553,792095,805916,21.944629614519524,1.7448664617249192
VA,Congressional District 2,2.0,2000-VA-3,2000,3,500,,574058,387386,132734,2340,25905,587,9425,15681,424443,South,,2,574058,646184,750830,12.56423566956649,16.19445854431555
VA,Congressional District 3,3.0,2000-VA-4,2000,4,500,,567683,217456,321132,2800,7779,466,7190,10860,421142,South,,3,567683,663390,756761,16.85923305788618,14.074827778531482
VA,Congressional District 4,4.0,2000-VA-5,2000,5,500,,645733,370394,252351,2098,7544,321,4440,8585,476626,South,,4,645733,738639,789815,14.387680357051599,6.928418347799129
VA,Congressional District 5,5.0,2000-VA-6,2000,6,500,,620104,454970,149093,1062,5353,144,3655,5827,481609,South,,5,620104,685859,739211,10.603866448208688,7.778858336771844
VA,Congressional District 6,6.0,2000-VA-7,2000,7,500,,609802,519476,71329,1367,5940,125,4289,7276,474652,South,,6,609802,704056,763401,15.456492435249475,8.429017010010567
VA,Congressional District 7,7.0,2000-VA-8,2000,8,500,,699196,570337,94078,1987,16952,193,6796,8853,520069,South,,7,699196,757917,817419,8.398360402519465,7.8507277182066115
VA,Congressional District 8,8.0,2000-VA-9,2000,9,500,,627849,419255,87907,1895,54520,581,38692,24999,497431,South,,8,627849,701010,798257,11.652642593999513,13.872412661730932
VA,Congressional District 9,9.0,2000-VA-10,2000,10,500,,582943,554345,16104,891,4837,93,2223,4450,462720,South,,9,582943,656200,696755,12.566751809353574,6.180280402316367
VT,Congressional District (at Large),0.0,2000-VT-2,2000,2,500,,608827,589208,3063,2420,5217,141,1443,7335,461304,Northeast,,0,608827,625741,643077,2.7781290908583225,2.770475324455326
WA,Congressional District 1,1.0,2000-WA-2,2000,2,500,,632484,528809,10859,5445,52855,1974,10367,22175,476565,West,,1,632484,739455,789740,16.912838901853643,6.800278583551399
WA,Congressional District 2,2.0,2000-WA-3,2000,3,500,,719487,629862,9351,13818,23020,1668,20237,21531,528647,West,,2,719487,760041,764366,5.636516017662585,0.5690482487128984
WA,Congressional District 3,3.0,2000-WA-4,2000,4,500,,698038,624807,8944,8452,19032,2017,14104,20682,509840,West,,3,698038,779348,772750,11.648362983104072,-0.8466051109388874
WA,Congressional District 4,4.0,2000-WA-5,2000,5,500,,672059,509613,6106,18746,8325,691,108399,20179,468910,West,,4,672059,774409,751843,15.229317664074134,-2.9139640680828864
WA,Congressional District 5,5.0,2000-WA-6,2000,6,500,,625971,563222,8472,11120,11286,1013,14173,16685,466200,West,,5,625971,723609,751208,15.597847184613983,3.8140763865568283
WA,Congressional District 6,6.0,2000-WA-7,2000,7,500,,611292,494429,33668,14141,24812,4178,11850,28214,461365,West,,6,611292,709570,736798,16.07709572511991,3.8372535479233902
WA,Congressional District 7,7.0,2000-WA-8,2000,8,500,,590062,410034,50780,6048,77651,3199,15504,26846,493272,West,,7,590062,704225,799390,19.34762787639265,13.513436756718377
WA,Congressional District 8,8.0,2000-WA-9,2000,9,500,,695277,581204,16426,6199,53838,2030,12216,23364,500654,West,,8,695277,810754,780494,16.608776070544547,-3.732328178461038
WA,Congressional District 9,9.0,2000-WA-10,2000,10,500,,649451,479843,45661,9332,51516,7183,22073,33843,474825,West,,9,649451,723129,773419,11.344658796429599,6.95449912809471
WI,Congressional District 1,1.0,2000-WI-2,2000,2,500,,612814,543822,35309,1948,4647,219,17235,9634,450480,Midwest,,1,612814,728042,727452,18.80309522954763,-0.0810392807008387
WI,Congressional District 2,2.0,2000-WI-3,2000,3,500,,624959,572843,18461,2283,15280,175,7004,8913,477697,Midwest,,2,624959,751169,789393,20.194924787066032,5.088601899173155
WI,Congressional District 3,3.0,2000-WI-4,2000,4,500,,600914,579974,3085,3330,7920,138,1736,4731,450611,Midwest,,3,600914,729957,733584,21.474453915202506,0.4968785832590139
WI,Congressional District 4,4.0,2000-WI-5,2000,5,500,,578409,501239,12536,4940,11867,195,35782,11850,437402,Midwest,,4,578409,669015,695395,15.664694014097291,3.943110393638409
WI,Congressional District 5,5.0,2000-WI-6,2000,6,500,,507636,253586,219585,2229,14817,275,6622,10522,363288,Midwest,,5,507636,707580,735571,39.387277498049784,3.9558777806043133
WI,Congressional District 6,6.0,2000-WI-7,2000,7,500,,606416,582963,4685,3051,6745,156,4033,4783,454266,Midwest,,6,606416,705102,727774,16.27364713332102,3.2154213149303223
WI,Congressional District 7,7.0,2000-WI-8,2000,8,500,,582884,555067,1607,9646,9835,154,1610,4965,435153,Midwest,,7,582884,689279,732582,18.25320303868351,6.282361714197009
WI,Congressional District 8,8.0,2000-WI-9,2000,9,500,,617575,573383,4102,18142,9109,174,6159,6506,459599,Midwest,,8,617575,706840,751967,14.454114884831801,6.384330258615812
WI,Congressional District 9,9.0,2000-WI-10,2000,10,500,,632068,606980,5090,1659,8543,144,4661,4991,466423,Midwest,,9,632068,,,,
WV,Congressional District 1,1.0,2000-WV-2,2000,2,500,,595385,573618,10545,1066,4041,160,925,5030,465395,South,,1,595385,615991,602044,3.460953836593129,-2.2641564568313495
WV,Congressional District 2,2.0,2000-WV-3,2000,3,500,,635965,601732,21913,1416,3201,124,1531,6048,489262,South,,2,635965,648186,621081,1.9216466314970162,-4.181670076181836
WV,Congressional District 3,3.0,2000-WV-4,2000,4,500,,576994,543427,24774,1124,2192,116,651,4710,451294,South,,3,576994,588817,570591,2.049068101228089,-3.0953589994854087
WY,Congressional District (at Large),0.0,2000-WY-2,2000,2,500,,493782,454670,3722,11133,2771,302,12301,8883,364909,West,,0,493782,563626,576851,14.144703533138106,2.3464141114852755
